Workbook

Sheet Leads
A1: Lead ID | B1: Date added | C1: Company Name | D1: Website Link | E1: What they do | F1: Hiring signal | G1: Remote rules | H1: Person | I1: Their role | J1: Contact link | K1: Source | L1: Target role | M1: Temperature | N1: Stage | O1: First contact date | P1: Message version | Q1: Last contact date | R1: Follow-ups sent | S1: Next action | T1: Next action date | U1: Notes
A2: L001 | B2: 46307 | C2: MOLO17 | D2: https://molo17.com | E2: Enterprise real-time data integration, database replication, and offline-first software (Gluesync). | F2: Active careers on molo17.com/careers; previously listed Junior Product Engineer (Java/Kotlin). | G2: Specific countries | H2: Daniele Angeli | I2: Founder | J2: https://www.linkedin.com/in/danieleangeli | K2: https://molo17.com/careers/product-engineer-junior-java-kotlin/ | L2: Product Engineer | M2: Cold | N2: Researched | P2: V1 | R2: 0 | S2: Check vacancy status and confirm if Nigeria-based engineers are considered on a contractor basis | T2: 46316 | U2: Verified Founder & CEO Daniele Angeli on LinkedIn (Couchbase Ambassador). Company is Italy-based (CET hours). Prior Java/Kotlin Junior Product Engineer role identified. Checked 19 Oct 2026.
A3: L002 | B3: 46307 | C3: vvd | D3: https://vvd.world | E3: Collaborative worldbuilding and interactive storytelling software platform. | F3: Junior Product Engineer (Next.js, TypeScript, Supabase) previously listed; marked closed on WorkWithIndies. | G3: Unknown | H3: Not verified | I3: Founder | J3: Not verified (individual LinkedIn profile unverified) | K3: https://www.workwithindies.com/careers/vvd-junior-product-engineer | L3: Product Engineer | M3: Cold | N3: Identified | P3: V1 | R3: 0 | S3: Monitor vvd.world/careers for reopened openings and locate verified founder LinkedIn URL | T3: 46316 | U3: Role marked closed on WorkWithIndies. Individual founder direct LinkedIn profile not independently verified in public index. Retained at Identified stage per evidence rules. Checked 19 Oct 2026.
A4: L003 | B4: 46307 | C4: Namefi | D4: https://namefi.io | E4: ICANN-accredited domain registrar and protocol tokenizing web domains on-chain for DeFi and Web3. | F4: Active "Product Engineer (AI Empowered)" opening ($1,500 - $9,000/mo contractor) on namefi.io/careers. | G4: Worldwide | H4: Zainan Victor Zhou | I4: Founder | J4: https://www.linkedin.com/in/zainan-zhou | K4: https://namefi.io/r/en/careers/build-nontraditional-2026-05 | L4: Product Engineer | M4: Cold | N4: Researched | P4: V1 | R4: 0 | S4: Review AI-empowered product engineering requirements and draft personalized pitch referencing shipped projects | T4: 46316 | U4: Verified Founder & CEO Victor Zhou (Ethereum EIP Editor). Open role specifically seeks builders fluent in AI dev tools. Worldwide remote contractor structure eligible for Nigeria applicants. Checked 19 Oct 2026.
A5: L004 | B5: 46307 | C5: Obble | D5: https://obble.ai | E5: Artificial intelligence platform building talent evaluation, recruitment, and AI hiring workflows. | F5: Early-stage team expansion; previously advertised product engineering and AI agent development. | G5: Specific countries | H5: Sweta Gupta | I5: Co-founder | J5: https://www.linkedin.com/company/obble-ai | K5: https://obble.ai/careers | L5: Product Engineer | M5: Cold | N5: Researched | P5: V1 | R5: 0 | S5: Connect with Obble founders to inquire about remote contractor opportunities for product engineers | T5: 46316 | U5: Verified Co-founders Sweta Gupta & Om Agarwal. Company backed by NVIDIA Inception and Microsoft for Startups. Remote hubs primarily India/UAE; Nigeria remote eligibility needs direct confirmation. Checked 19 Oct 2026.
A6: L005 | B6: 46307 | C6: Saturation | D6: https://saturation.io | E6: Cloud-based production finance, budgeting, and fintech management platform for the film and creative industries. | F6: Careers page on saturation.io; previously listed Product Engineer (Node/React/TypeScript). | G6: Worldwide | H6: Jens Jacob | I6: Founder | J6: https://www.linkedin.com/in/jensjacob | K6: https://saturation.io/careers/product-engineer | L6: Product Engineer | M6: Cold | N6: Researched | P6: V1 | R6: 0 | S6: Study Saturation budgeting and expense management workflows and draft personalized outreach to Jens Jacob | T6: 46316 | U6: Verified Co-Founders Jens Jacob (CEO) and Simon Tam (CTO). Modern web app replacing legacy film budgeting software. Worldwide remote-friendly culture. Checked 19 Oct 2026.
A7: L006 | B7: 46307 | C7: matcha.fm | D7: https://matcha.fm | E7: AI-powered job search agent and remote job aggregator for early-stage startup opportunities. | F7: Zero-noise job aggregator; previously identified Product Engineer listing (Node/React/NestJS). | G7: Specific countries | H7: Federico Garcia | I7: Founder | J7: https://www.linkedin.com/company/matcha-fm | K7: https://www.linkedin.com/jobs/view/product-engineer-remote-worldwide-at-matcha-fm-4473437546 | L7: Product Engineer | M7: Cold | N7: Identified | P7: V1 | R7: 0 | S7: Verify whether matcha.fm is hiring for internal engineering vs syndicating external startup roles | T7: 46317 | U7: Founded by Fico (Federico Garcia). Remote listings typically specify US, Canada, Europe, LATAM. Retained at Identified stage because Nigeria remote eligibility is unverified and primary product is an aggregator. Checked 19 Oct 2026.
A8: L007 | B8: 46307 | C8: 0G Labs | D8: https://0g.ai | E8: Decentralized AI Operating System (deAIOS) and high-throughput modular Layer 1 blockchain infrastructure. | F8: Active engineering listings on Ashby portal (ashbyhq.com/0g-labs) for Product Engineer and AI Platform Engineer. | G8: Worldwide | H8: Michael Heinrich | I8: Founder | J8: https://www.linkedin.com/in/michaelheinrich | K8: https://sailonchain.com/jobs/product-engineer-0g-labs | L8: Product Engineer | M8: Cold | N8: Researched | P8: V1 | R8: 0 | S8: Review 0G Labs deAIOS architecture documentation and prepare personalized pitch for Michael Heinrich | T8: 46316 | U8: Verified Co-Founder & CEO Michael Heinrich (YC alumnus) and CTO Ming Wu. Active Ashby hiring board welcomes global remote applicants. Focuses on modular Web3 AI infra. Checked 19 Oct 2026.
A9: L008 | B9: 46307 | C9: Social Discovery Group | D9: https://socialdiscoverygroup.com | E9: Global social discovery and dating group uniting over 40 brands including Dating.com and Dil Mil. | F9: Advertised remote Product Engineer (AI-Native) requiring agentic AI workflows and fullstack ownership. | G9: Worldwide | H9: Dmitry Volkov | I9: Founder | J9: https://www.linkedin.com/in/dmitry-volkov-philosopher-investor | K9: https://socialdiscoverygroup.com/vacancies/job/e5a41beaf52b01-product-engineer-ai-native | L9: Product Engineer | M9: Cold | N9: Researched | P9: V1 | R9: 0 | S9: Research engineering leadership under Dmitry Volkov and prepare application highlighting Claude Code/agentic coding proficiency | T9: 46316 | U9: Verified Founder Dmitry Volkov. Company employs over 1,000 digital nomads globally. Advertised AI-Native Product Engineer role specifically requires daily AI-assisted development. Checked 19 Oct 2026.
A10: L009 | B10: 46307 | C10: Coddy | D10: https://coddy.tech | E10: Gamified, bite-sized interactive programming education platform serving over 5 million learners worldwide. | F10: Live Product Engineer vacancy on coddy.tech/careers/product-engineer (fullstack, UI to metrics, founder mindset). | G10: Worldwide | H10: Nethanel Bar | I10: Founder | J10: https://www.linkedin.com/in/nethanelbar | K10: https://coddy.tech/careers/product-engineer | L10: Product Engineer | M10: Cold | N10: Researched | P10: V1 | R10: 0 | S10: Draft tailored outreach to Nethanel Bar showcasing interactive frontend/product engineering side projects | T10: 46316 | U10: Verified Co-Founders Nethanel Bar (CEO) and Kevin Spektor (CTO). Remote-first, async culture. Live opening focuses on shipping end-to-end features and measuring impact. Checked 19 Oct 2026.
A11: L010 | B11: 46307 | C11: duvo.ai | D11: https://duvo.ai | E11: Enterprise AI agent platform automating complex back-office, procurement, and supply-chain operations. | F11: Product Engineer opening advertised on BuiltIn/Ashby (ashbyhq.com/duvo). | G11: Specific countries | H11: Marek Paris | I11: Co-founder | J11: https://www.linkedin.com/in/marekparis | K11: https://builtin.com/job/product-engineer-eu-uk-based-remote/11350228 | L11: Product Engineer | M11: Cold | N11: Identified | P11: V1 | R11: 0 | S11: Monitor company careers for expansion of remote eligibility beyond EU/UK hubs | T11: 46317 | U11: Verified Co-Founders Tomáš Čupr (CEO) and Marek Paris (CPTO). Job post explicitly specifies EU/UK-based remote. Retained at Identified stage because Nigeria applicants are not eligible under current compliance rules. Checked 19 Oct 2026.
A12: L011 | B12: 46307 | C12: Linear | D12: https://linear.app | E12: Purpose-built issue tracking and project management software for modern high-performance engineering teams. | F12: Active careers on linear.app/careers and Ashby (ashbyhq.com/linear) for Design Engineer (Web & Brand) and Product Engineer. | G12: Worldwide | H12: Karri Saarinen | I12: Founder | J12: https://www.linkedin.com/in/ksaa | K12: https://workfromanywhere.app/jobs/design-engineer-web-brand-at-linear | L12: Design Engineer | M12: Cold | N12: Researched | P12: V1 | R12: 0 | S12: Study Linear Web & Brand design system and prepare a micro-prototype demo relevant to Linear UI | T12: 46316 | U12: Verified Co-Founders Karri Saarinen (CEO, former Airbnb design lead) and Tuomas Artman (CTO). Remote-first across global time zones. High bar for UI craftsmanship and design engineering. Checked 19 Oct 2026.
A13: L012 | B13: 46307 | C13: Kick | D13: https://kick.co | E13: Applied AI bookkeeping and financial management software platform automating accounting for modern businesses. | F13: Careers page on kick.co/careers; previously listed Design Engineer and Product Engineer roles. | G13: Worldwide | H13: Conrad Wadowski | I13: Founder | J13: https://www.linkedin.com/in/conradwadowski | K13: https://himalayas.app/companies/kick/jobs/design-engineer?pos=11&src=search | L13: Design Engineer | M13: Cold | N13: Researched | P13: V1 | R13: 0 | S13: Check whether Kick considers junior-to-mid design engineer applicants and draft outreach to Conrad Wadowski | T13: 46316 | U13: Verified Founder & CEO Conrad Wadowski (also co-founder of Teachable). Applied AI bookkeeping startup. Prior listing required senior experience; confirm junior/mid fit before formal outreach. Checked 19 Oct 2026.
... A21: L020 | B21: 46307 | C21: Camunda | D21: https://camunda.com | E21: Enterprise process orchestration and workflow automation software platform. | F21: Actively recruits Product Builders (Products & Engineering) on camunda.com/career/. | G21: Worldwide | H21: Jakob Freund | I21: Founder | J21: https://www.linkedin.com/in/jakobfreund | K21: https://remotework.ng/remote-jobs/design | L21: Design Engineer | M21: Cold | N21: Researched | P21: V1 | R21: 0 | S21: Review Camunda Hub product surface and prepare outreach to recruiting/engineering team | T21: 46316 | U21: Verified Co-Founders Jakob Freund (CEO) and Bernd Ruecker (Chief Technologist). Product Builder combines product thinking, UX, and hands-on fullstack execution. Fully remote-first global culture. Checked 19 Oct 2026.
A22: L021
A23: L022
A24: L023
A25: L024
A26: L025
A27: L026
A28: L027
A29: L028
A30: L029
A31: L030
A32: L031
A33: L032
... A101: L100

Sheet Daily log
A1: Date | B1: Leads added | C1: Messages sent | D1: Follow-ups sent | E1: Replies received | F1: Applications submitted | G1: Comments posted | H1: Minutes spent building
A2: 46307 | B2: 20 | C2: 0 | D2: 0 | E2: 0 | F2: 0
A3: 46308
A4: 46309
A5: 46310
A6: 46311
A7: 46314
A8: 46315
A9: 46316
A10: 46317
A11: 46318
A12: 46321
A13: 46322
A14: 46323
... A21: 46332

Sheet Message library
A1: Version | B1: Template type | C1: Full text | D1: Times sent | E1: Replies | F1: Reply rate
A2: V1 | B2: Hiring team outreach | C2: Hi [Name/Team], I’m a product engineer based in Nigeria and I’m interested in [role] at [Company]. I’ve been building [relevant project or product], and I’d love to learn whether my experience could be a fit. Here’s my work: [portfolio/GitHub link]. Thank you for your time. | D2: 0 | E2: 0 | F2: =IF(D2>0, E2/D2, 0)
A3: V2 | B3: Peer / referral request | C3: Hi [Name], I’m exploring [role] opportunities and noticed your work at [Company]. I’m a product engineer interested in building useful digital products, and I’d appreciate any advice on what the team looks for in candidates. Here’s my work: [portfolio/GitHub link]. No worries if you’re busy—thank you. | D3: 0 | E3: 0 | F3: =IF(D3>0, E3/D3, 0)
A4: V3 | B4: Follow-up 1 (after 4–5 business days) | C4: Hi [Name], I wanted to follow up on my message about [role] at [Company]. I’m still interested and would be happy to share more about [relevant project/experience]. Here’s my work again: [portfolio/GitHub link]. Thanks for considering it. | D4: 0 | E4: 0 | F4: =IF(D4>0, E4/D4, 0)
A5: V4 | B5: Final follow-up (about one week later) | C5: Hi [Name], one final follow-up from me about [role/opportunity] at [Company]. I understand the timing may not be right, so I’ll leave it here for now. Thank you for your time, and I wish you and the team all the best. | D5: 0 | E5: 0 | F5: =IF(D5>0, E5/D5, 0)

Sheet Weekly review
A1: Week number | B1: Leads added | C1: Messages sent | D1: Follow-ups sent | E1: Replies received | F1: Applications submitted | G1: Comments posted | H1: Minutes spent building | I1: Reply rate | J1: Best message version | K1: What to change next week
A2: Week 1 | B2: =SUM('Daily log'!B2:B6) | C2: =SUM('Daily log'!C2:C6) | D2: =SUM('Daily log'!D2:D6) | E2: =SUM('Daily log'!E2:E6) | F2: =SUM('Daily log'!F2:F6) | G2: =SUM('Daily log'!G2:G6) | H2: =SUM('Daily log'!H2:H6) | I2: =IF(C2>0, E2/C2, 0)
A3: Week 2 | B3: =SUM('Daily log'!B7:B11) | C3: =SUM('Daily log'!C7:C11) | D3: =SUM('Daily log'!D7:D11) | E3: =SUM('Daily log'!E7:E11) | F3: =SUM('Daily log'!F7:F11) | G3: =SUM('Daily log'!G7:G11) | H3: =SUM('Daily log'!H7:H11) | I3: =IF(C3>0, E3/C3, 0)
A4: Week 3 | B4: =SUM('Daily log'!B12:B16) | C4: =SUM('Daily log'!C12:C16) | D4: =SUM('Daily log'!D12:D16) | E4: =SUM('Daily log'!E12:E16) | F4: =SUM('Daily log'!F12:F16) | G4: =SUM('Daily log'!G12:G16) | H4: =SUM('Daily log'!H12:H16) | I4: =IF(C4>0, E4/C4, 0)
A5: Week 4 | B5: =SUM('Daily log'!B17:B21) | C5: =SUM('Daily log'!C17:C21) | D5: =SUM('Daily log'!D17:D21) | E5: =SUM('Daily log'!E17:E21) | F5: =SUM('Daily log'!F17:F21) | G5: =SUM('Daily log'!G17:G21) | H5: =SUM('Daily log'!H17:H21) | I5: =IF(C5>0, E5/C5, 0)
